Supermercado,Nombre,Precio,Enlace
Dia,Galletitas Pepas DIA 500 Gr. ,$ 1.450,/galletitas-pepas-dia-500-gr-99483/p
Dia,Galletitas DIA Avena y Chips de Chocolate 186 Gr. ,$ 1.290,/galletitas-dia-avena-y-chips-de-chocolate-186-gr-197537/p
Dia,Almohaditas Frutilla Molinos Ala 90 Gr. ,$ 1.160,/almohaditas-frutilla-molinos-ala-90-gr-219357/p
Dia,Galletitas Pepas DIA Frutos del Bosque 500 Gr. ,$ 1.450,/galletitas-pepas-dia-frutos-del-bosque-500-gr-197818/p
Dia,Almohaditas Cacao y Vainilla Molinos Ala 90 Gr. ,$ 1.160,/almohaditas-cacao-y-vainilla-molinos-ala-90-gr-37193/p
Dia,Galleta Salada Crecker Rex Traviata 288 Gr. ,$ 1.490,/galleta-salada-crecker-rex-traviata-288-gr-14920/p
Dia,Galletitas Crackers Dia 303 Gr. ,$ 700,/galletitas-crackers-dia-303-gr-299065/p
Dia,Cereales Copos de Maíz DIA Azucarados 200 Gr. ,$ 700,/cereales-copos-de-maiz-dia-azucarados-200-gr-20016/p
Coto,Lavavajillas E/Gel Limon Cascade Bid 1.7 Ltr," $ 26.769,99 ",URL no disponible en este código
Coto,Lavavajillas Ultra Limon Heroe 300ml," $ 1.329,99 ",URL no disponible en este código
Coto,Lavavajillas Ultra Manzana Verde Heroe 300ml," $ 1.329,99 ",URL no disponible en este código
Coto,Lavavajillas Ultra Limon Heroe 600ml," $ 1.999,99 ",URL no disponible en este código
Coto,Lavavajillas Ultra Manzana Verde Heroe 600ml," $ 1.999,99 ",URL no disponible en este código
Coto,FINISH Detergente En Tabletas Para Lavavajillas 13 Unid.," $ 8.754,99 ",URL no disponible en este código
Coto,Detergente Cremoso Flores Rosas Limzul 750ml," $ 1.609,99 ",URL no disponible en este código
Coto,Detergente Cremoso Flores Blancas Limzul 750ml," $ 1.609,99 ",URL no disponible en este código
Coto,Detergente Ultra Marina Magistral 750ml," $ 3.223,99 ",URL no disponible en este código
Coto,Lavavajillas Glicerina Heroe 750ml," $ 1.329,99 ",URL no disponible en este código
Coto,Detergente Limon Magistral 1.4l," $ 5.947,49 ",URL no disponible en este código
Coto,Detergente Concentrado Limón ALA 450ml," $ 1.899,99 ",URL no disponible en este código
Disco,Celular Galaxy A16 5g 256gb Blue Black Samsung ,,/celular-galaxy-a16-5g-256gb-blue-black-samsung/p
Disco,Celular Edge 50 Fusion Hot Pink Motorola ,,/celular-edge-50-fusion-hot-pink-motorola/p
Disco,Celular Galaxy A15 Lte 128gb Blue Black Samsung ,,/celular-galaxy-a15-lte-128gb-blue-black-samsung/p
Disco,Celular Galaxy A06 128gb Black Samsung ,,/celular-galaxy-a06-128gb-black-samsung/p
Disco,Celular Moto E14 Gris Motorola ,,/celular-moto-e14-gris-motorola/p
Disco,Celular Moto E14 Violeta Motorola ,,/celular-moto-e14-violeta-motorola/p
Disco,Celular Moto E14 Verde Motorola ,,/celular-moto-e14-verde-motorola/p
Disco,Celular Redmi Note 13 Midnight Black Xiaomi ,,/celular-redmi-note-13-midnight-black-xiaomi-2/p
